generator,bus,p_nom,carrier,marginal_cost
1_Gas,1,121.0,Gas,50.0
1_Hard_Coal,1,272.0,Hard_Coal,25.0
102_Gas,102,67.9,Gas,50.0
108_Run_of_River,108,63.1,Run_of_River,3.0
108_Waste,108,38.0,Waste,6.0
111_Gas,111,13.5,Gas,50.0
112_Gas,112,13.5,Gas,50.0
112_Run_of_River,112,11.1,Run_of_River,3.0
114_Hard_Coal,114,19.0,Hard_Coal,25.0
115_Brown_Coal,115,4730.0,Brown_Coal,10.0
116_Gas,116,543.3,Gas,50.0
118_Gas,118,95.0,Gas,50.0
118_Waste,118,12.0,Waste,6.0
119_Brown_Coal,119,9.3,Brown_Coal,10.0
119_Gas,119,16.9,Gas,50.0
119_Hard_Coal,119,61.5,Hard_Coal,25.0
121_Brown_Coal,121,24.6,Brown_Coal,10.0
123_220kV_Brown_Coal,123_220kV,3455.0,Brown_Coal,10.0
123_220kV_Gas,123_220kV,96.5,Gas,50.0
126_Gas,126,2.0,Gas,50.0
126_Oil,126,60.0,Oil,100.0
127_Brown_Coal,127,1800.0,Brown_Coal,10.0
127_Waste,127,24.0,Waste,6.0
128_220kV_Run_of_River,128_220kV,36.4,Run_of_River,3.0
129_220kV_Hard_Coal,129_220kV,61.5,Hard_Coal,25.0
12_220kV_Gas,12_220kV,150.0,Gas,50.0
12_220kV_Waste,12_220kV,30.0,Waste,6.0
130_Hard_Coal,130,85.0,Hard_Coal,25.0
130_Waste,130,30.0,Waste,6.0
131_Gas,131,586.3,Gas,50.0
132_Storage_Hydro,132,29.0,Storage_Hydro,3.0
133_Brown_Coal,133,137.0,Brown_Coal,10.0
133_Waste,133,33.4,Waste,6.0
134_Brown_Coal,134,118.0,Brown_Coal,10.0
136_Gas,136,838.0,Gas,50.0
136_Hard_Coal,136,765.0,Hard_Coal,25.0
137_Gas,137,11.4,Gas,50.0
139_Hard_Coal,139,760.0,Hard_Coal,25.0
14_Run_of_River,14,27.0,Run_of_River,3.0
140_Gas,140,11.1,Gas,50.0
141_Gas,141,64.7,Gas,50.0
142_Gas,142,9.8,Gas,50.0
142_Hard_Coal,142,449.0,Hard_Coal,25.0
145_Brown_Coal,145,75.3,Brown_Coal,10.0
145_Gas,145,536.5,Gas,50.0
145_Other,145,79.8,Other,32.0
145_Waste,145,45.1,Waste,6.0
146_Gas,146,84.0,Gas,50.0
147_Gas,147,230.0,Gas,50.0
148_Gas,148,10.2,Gas,50.0
148_Oil,148,86.2,Oil,100.0
148_Waste,148,53.7,Waste,6.0
149_Run_of_River,149,128.7,Run_of_River,3.0
150_Gas,150,15.8,Gas,50.0
153_Waste,153,12.0,Waste,6.0
155_Waste,155,12.6,Waste,6.0
156_220kV_Brown_Coal,156_220kV,28.9,Brown_Coal,10.0
157_220kV_Brown_Coal,157_220kV,857.0,Brown_Coal,10.0
157_220kV_Gas,157_220kV,22.0,Gas,50.0
16_Gas,16,11.4,Gas,50.0
160_220kV_Hard_Coal,160_220kV,103.0,Hard_Coal,25.0
160_220kV_Waste,160_220kV,14.0,Waste,6.0
161_Gas,161,58.58,Gas,50.0
166_Gas,166,333.6,Gas,50.0
166_Hard_Coal,166,1324.5,Hard_Coal,25.0
167_Gas,167,26.0,Gas,50.0
167_Run_of_River,167,46.9,Run_of_River,3.0
169_Gas,169,33.7,Gas,50.0
170_Gas,170,23.1,Gas,50.0
170_Waste,170,61.5,Waste,6.0
174_Gas,174,24.5,Gas,50.0
174_Other,174,38.0,Other,32.0
175_Hard_Coal,175,95.0,Hard_Coal,25.0
175_Other,175,21.0,Other,32.0
176_Gas,176,3.3,Gas,50.0
177_Multiple,177,32.7,Multiple,28.0
178_Gas,178,9.2,Gas,50.0
178_Storage_Hydro,178,15.0,Storage_Hydro,3.0
180_Gas,180,25.4,Gas,50.0
180_Oil,180,333.5,Oil,100.0
180_Waste,180,28.9,Waste,6.0
183_Gas,183,22.5,Gas,50.0
183_Hard_Coal,183,766.0,Hard_Coal,25.0
183_Oil,183,38.0,Oil,100.0
183_Waste,183,24.0,Waste,6.0
184_220kV_Gas,184_220kV,22.3,Gas,50.0
185_Waste,185,33.1,Waste,6.0
188_Gas,188,274.0,Gas,50.0
18_220kV_Gas,18_220kV,52.8,Gas,50.0
19_Gas,19,10.6,Gas,50.0
19_Hard_Coal,19,370.0,Hard_Coal,25.0
190_Gas,190,13.4,Gas,50.0
194_Hard_Coal,194,1017.0,Hard_Coal,25.0
196_Hard_Coal,196,695.0,Hard_Coal,25.0
196_Other,196,700.0,Other,32.0
197_Run_of_River,197,40.1,Run_of_River,3.0
198_Gas,198,15.0,Gas,50.0
200_Brown_Coal,200,27.5,Brown_Coal,10.0
200_Gas,200,7.4,Gas,50.0
201_220kV_Gas,201_220kV,58.1,Gas,50.0
202_Gas,202,1870.1,Gas,50.0
202_Nuclear,202,1329.0,Nuclear,8.0
203_Gas,203,20.5,Gas,50.0
204_Hard_Coal,204,310.0,Hard_Coal,25.0
205_Gas,205,417.0,Gas,50.0
209_Hard_Coal,209,26.0,Hard_Coal,25.0
21_Gas,21,127.0,Gas,50.0
21_Hard_Coal,21,194.0,Hard_Coal,25.0
21_Waste,21,16.4,Waste,6.0
210_Waste,210,14.7,Waste,6.0
211_Hard_Coal,211,721.0,Hard_Coal,25.0
211_Waste,211,11.6,Waste,6.0
212_Run_of_River,212,24.0,Run_of_River,3.0
213_Gas,213,104.6,Gas,50.0
214_Gas,214,27.0,Gas,50.0
215_Gas,215,47.2,Gas,50.0
215_Waste,215,73.4,Waste,6.0
217_Gas,217,108.0,Gas,50.0
217_Hard_Coal,217,508.0,Hard_Coal,25.0
217_Waste,217,17.0,Waste,6.0
219_Gas,219,254.5,Gas,50.0
219_Waste,219,34.0,Waste,6.0
221_Geothermal,221,7.8,Geothermal,26.0
222_Gas,222,99.0,Gas,50.0
223_Gas,223,87.0,Gas,50.0
224_Other,224,176.1,Other,32.0
225_Gas,225,11.6,Gas,50.0
225_Hard_Coal,225,13.4,Hard_Coal,25.0
225_Waste,225,15.0,Waste,6.0
226_Gas,226,20.0,Gas,50.0
226_Run_of_River,226,0.1,Run_of_River,3.0
227_Run_of_River,227,11.0,Run_of_River,3.0
229_Gas,229,24.5,Gas,50.0
229_Hard_Coal,229,1958.0,Hard_Coal,25.0
22_220kV_Oil,22_220kV,298.5,Oil,100.0
233_220kV_Gas,233_220kV,4.0,Gas,50.0
233_220kV_Hard_Coal,233_220kV,20.7,Hard_Coal,25.0
235_Other,235,19.7,Other,32.0
238_Run_of_River,238,12.1,Run_of_River,3.0
239_Gas,239,800.0,Gas,50.0
240_Gas,240,126.0,Gas,50.0
245_Hard_Coal,245,61.5,Hard_Coal,25.0
246_Hard_Coal,246,510.0,Hard_Coal,25.0
247_220kV_Oil,247_220kV,34.5,Oil,100.0
247_220kV_Run_of_River,247_220kV,633.2,Run_of_River,3.0
248_220kV_Hard_Coal,248_220kV,895.0,Hard_Coal,25.0
249_Waste,249,14.6,Waste,6.0
250_220kV_Other,250_220kV,396.6,Other,32.0
254_Gas,254,10.7,Gas,50.0
255_Run_of_River,255,84.8,Run_of_River,3.0
258_Gas,258,32.0,Gas,50.0
258_Other,258,28.0,Other,32.0
260_Hard_Coal,260,138.5,Hard_Coal,25.0
266_Gas,266,59.9,Gas,50.0
266_Oil,266,92.8,Oil,100.0
266_Run_of_River,266,214.0,Run_of_River,3.0
266_Waste,266,9.0,Waste,6.0
26_220kV_Nuclear,26_220kV,1410.0,Nuclear,8.0
270_Gas,270,50.0,Gas,50.0
275_Gas,275,42.0,Gas,50.0
275_Other,275,100.0,Other,32.0
275_Waste,275,12.5,Waste,6.0
276_Hard_Coal,276,110.0,Hard_Coal,25.0
276_Run_of_River,276,16.0,Run_of_River,3.0
279_220kV_Brown_Coal,279_220kV,90.8,Brown_Coal,10.0
28_Hard_Coal,28,260.0,Hard_Coal,25.0
28_Oil,28,101.0,Oil,100.0
28_Run_of_River,28,311.8,Run_of_River,3.0
281_220kV_Gas,281_220kV,74.0,Gas,50.0
282_220kV_Oil,282_220kV,17.0,Oil,100.0
285_Gas,285,18.1,Gas,50.0
287_Gas,287,64.0,Gas,50.0
288_Hard_Coal,288,18.5,Hard_Coal,25.0
289_Gas,289,33.4,Gas,50.0
289_Hard_Coal,289,794.0,Hard_Coal,25.0
290_Waste,290,15.7,Waste,6.0
291_Brown_Coal,291,1105.0,Brown_Coal,10.0
292_220kV_Brown_Coal,292_220kV,20.3,Brown_Coal,10.0
292_220kV_Gas,292_220kV,216.0,Gas,50.0
292_220kV_Waste,292_220kV,59.0,Waste,6.0
294_Gas,294,13.5,Gas,50.0
294_Waste,294,11.2,Waste,6.0
295_Gas,295,119.0,Gas,50.0
295_Hard_Coal,295,43.3,Hard_Coal,25.0
298_Gas,298,37.5,Gas,50.0
299_Hard_Coal,299,690.0,Hard_Coal,25.0
3_Run_of_River,3,18.8,Run_of_River,3.0
301_Gas,301,13.0,Gas,50.0
302_Brown_Coal,302,33.5,Brown_Coal,10.0
302_Gas,302,128.0,Gas,50.0
302_Other,302,56.0,Other,32.0
302_Storage_Hydro,302,79.0,Storage_Hydro,3.0
302_Waste,302,14.7,Waste,6.0
304_Gas,304,34.2,Gas,50.0
304_Oil,304,24.8,Oil,100.0
305_Nuclear,305,1310.0,Nuclear,8.0
305_Oil,305,136.0,Oil,100.0
308_220kV_Gas,308_220kV,27.4,Gas,50.0
308_220kV_Nuclear,308_220kV,1275.0,Nuclear,8.0
30_220kV_Run_of_River,30_220kV,3.0,Run_of_River,3.0
31_Gas,31,195.4,Gas,50.0
310_Hard_Coal,310,778.0,Hard_Coal,25.0
313_Brown_Coal,313,875.0,Brown_Coal,10.0
315_220kV_Run_of_River,315_220kV,77.4,Run_of_River,3.0
316_Gas,316,75.8,Gas,50.0
316_Waste,316,10.0,Waste,6.0
318_Run_of_River,318,62.7,Run_of_River,3.0
320_Gas,320,9.8,Gas,50.0
321_Gas,321,0.2,Gas,50.0
321_Waste,321,13.6,Waste,6.0
322_220kV_Gas,322_220kV,85.1,Gas,50.0
323_Gas,323,12.9,Gas,50.0
326_Gas,326,319.8,Gas,50.0
327_Gas,327,26.9,Gas,50.0
328_Run_of_River,328,36.5,Run_of_River,3.0
329_Run_of_River,329,50.0,Run_of_River,3.0
329_Storage_Hydro,329,500.0,Storage_Hydro,3.0
32_220kV_Gas,32_220kV,109.1,Gas,50.0
33_Gas,33,31.8,Gas,50.0
330_Nuclear,330,1410.0,Nuclear,8.0
330_Run_of_River,330,35.8,Run_of_River,3.0
331_Gas,331,227.0,Gas,50.0
331_Run_of_River,331,217.5,Run_of_River,3.0
331_Waste,331,12.5,Waste,6.0
332_220kV_Gas,332_220kV,97.9,Gas,50.0
332_220kV_Run_of_River,332_220kV,25.2,Run_of_River,3.0
335_Gas,335,54.0,Gas,50.0
336_220kV_Gas,336_220kV,52.8,Gas,50.0
336_220kV_Run_of_River,336_220kV,89.0,Run_of_River,3.0
337_Gas,337,13.4,Gas,50.0
337_Run_of_River,337,80.1,Run_of_River,3.0
338_220kV_Waste,338_220kV,54.0,Waste,6.0
34_Hard_Coal,34,757.0,Hard_Coal,25.0
34_Oil,34,56.0,Oil,100.0
340_Gas,340,299.6,Gas,50.0
340_Storage_Hydro,340,82.5,Storage_Hydro,3.0
341_Brown_Coal,341,134.0,Brown_Coal,10.0
341_Gas,341,159.0,Gas,50.0
341_Oil,341,111.0,Oil,100.0
341_Other,341,42.7,Other,32.0
341_Waste,341,58.0,Waste,6.0
342_Gas,342,19.5,Gas,50.0
344_Gas,344,69.95,Gas,50.0
347_Gas,347,211.0,Gas,50.0
347_Hard_Coal,347,89.0,Hard_Coal,25.0
347_Oil,347,327.0,Oil,100.0
348_Gas,348,458.9,Gas,50.0
350_Gas,350,18.6,Gas,50.0
351_220kV_Other,351_220kV,23.3,Other,32.0
351_220kV_Run_of_River,351_220kV,63.7,Run_of_River,3.0
351_220kV_Waste,351_220kV,25.5,Waste,6.0
352_Hard_Coal,352,472.0,Hard_Coal,25.0
352_Oil,352,46.0,Oil,100.0
352_Run_of_River,352,73.3,Run_of_River,3.0
353_220kV_Gas,353_220kV,1391.0,Gas,50.0
353_220kV_Run_of_River,353_220kV,23.3,Run_of_River,3.0
354_Gas,354,540.5,Gas,50.0
354_Hard_Coal,354,333.0,Hard_Coal,25.0
354_Waste,354,40.0,Waste,6.0
358_Hard_Coal,358,318.0,Hard_Coal,25.0
36_Gas,36,11.06,Gas,50.0
36_Hard_Coal,36,280.0,Hard_Coal,25.0
360_220kV_Gas,360_220kV,42.0,Gas,50.0
360_220kV_Hard_Coal,360_220kV,779.0,Hard_Coal,25.0
360_220kV_Waste,360_220kV,16.0,Waste,6.0
362_220kV_Run_of_River,362_220kV,79.5,Run_of_River,3.0
363_Other,363,16.0,Other,32.0
364_Waste,364,11.6,Waste,6.0
365_Gas,365,81.8,Gas,50.0
365_Hard_Coal,365,688.0,Hard_Coal,25.0
365_Waste,365,36.0,Waste,6.0
367_Nuclear,367,1402.0,Nuclear,8.0
370_Brown_Coal,370,56.8,Brown_Coal,10.0
370_Other,370,85.0,Other,32.0
373_Run_of_River,373,25.0,Run_of_River,3.0
374_Gas,374,100.2,Gas,50.0
374_Hard_Coal,374,725.0,Hard_Coal,25.0
376_Geothermal,376,0.6,Geothermal,26.0
376_Hard_Coal,376,875.0,Hard_Coal,25.0
377_Waste,377,11.0,Waste,6.0
378_Gas,378,260.44,Gas,50.0
378_Hard_Coal,378,769.0,Hard_Coal,25.0
37_220kV_Gas,37_220kV,52.0,Gas,50.0
37_220kV_Nuclear,37_220kV,1360.0,Nuclear,8.0
37_220kV_Waste,37_220kV,58.4,Waste,6.0
380_Gas,380,250.0,Gas,50.0
380_Waste,380,22.5,Waste,6.0
382_220kV_Gas,382_220kV,122.0,Gas,50.0
382_220kV_Waste,382_220kV,20.7,Waste,6.0
383_Waste,383,24.4,Waste,6.0
385_220kV_Gas,385_220kV,58.4,Gas,50.0
385_220kV_Hard_Coal,385_220kV,24.8,Hard_Coal,25.0
385_220kV_Oil,385_220kV,0.5,Oil,100.0
386_Gas,386,23.0,Gas,50.0
39_Gas,39,2299.3,Gas,50.0
390_Gas,390,1001.3,Gas,50.0
390_Hard_Coal,390,17.4,Hard_Coal,25.0
390_Waste,390,18.0,Waste,6.0
394_Gas,394,26.5,Gas,50.0
395_Gas,395,490.0,Gas,50.0
396_Nuclear,396,2572.0,Nuclear,8.0
398_Oil,398,87.0,Oil,100.0
399_Gas,399,35.1,Gas,50.0
399_Waste,399,9.5,Waste,6.0
40_Run_of_River,40,48.0,Run_of_River,3.0
401_Gas,401,31.0,Gas,50.0
402_Oil,402,88.0,Oil,100.0
402_Run_of_River,402,60.0,Run_of_River,3.0
402_Storage_Hydro,402,158.0,Storage_Hydro,3.0
403_220kV_Run_of_River,403_220kV,19.0,Run_of_River,3.0
404_220kV_Run_of_River,404_220kV,24.0,Run_of_River,3.0
405_Gas,405,56.0,Gas,50.0
405_Run_of_River,405,84.6,Run_of_River,3.0
409_Gas,409,8.5,Gas,50.0
409_Hard_Coal,409,112.6,Hard_Coal,25.0
409_Oil,409,69.9,Oil,100.0
409_Waste,409,19.5,Waste,6.0
410_Run_of_River,410,20.1,Run_of_River,3.0
414_Gas,414,193.7,Gas,50.0
417_Run_of_River,417,137.3,Run_of_River,3.0
418_Run_of_River,418,66.0,Run_of_River,3.0
421_220kV_Waste,421_220kV,67.3,Waste,6.0
422_Gas,422,13.5,Gas,50.0
423_Run_of_River,423,36.8,Run_of_River,3.0
424_Oil,424,70.0,Oil,100.0
425_Other,425,288.5,Other,32.0
426_Gas,426,32.4,Gas,50.0
428_Brown_Coal,428,74.0,Brown_Coal,10.0
429_Gas,429,112.1,Gas,50.0
429_Hard_Coal,429,12.0,Hard_Coal,25.0
43_Gas,43,196.0,Gas,50.0
43_Waste,43,17.0,Waste,6.0
430_Brown_Coal,430,38.5,Brown_Coal,10.0
433_Gas,433,15.6,Gas,50.0
434_Run_of_River,434,12.8,Run_of_River,3.0
434_Storage_Hydro,434,124.0,Storage_Hydro,3.0
435_Brown_Coal,435,164.0,Brown_Coal,10.0
438_Run_of_River,438,146.0,Run_of_River,3.0
439_Gas,439,11.7,Gas,50.0
44_Waste,44,26.0,Waste,6.0
440_Other,440,17.0,Other,32.0
441_Gas,441,182.0,Gas,50.0
441_Hard_Coal,441,61.5,Hard_Coal,25.0
442_Gas,442,26.5,Gas,50.0
444_Gas,444,430.0,Gas,50.0
445_Run_of_River,445,217.1,Run_of_River,3.0
446_Gas,446,14.7,Gas,50.0
447_Gas,447,75.0,Gas,50.0
45_Gas,45,296.0,Gas,50.0
45_Geothermal,45,23.1,Geothermal,26.0
451_Run_of_River,451,104.4,Run_of_River,3.0
453_Run_of_River,453,30.0,Run_of_River,3.0
455_Gas,455,16.9,Gas,50.0
456_Run_of_River,456,0.1,Run_of_River,3.0
457_Waste,457,29.6,Waste,6.0
463_Gas,463,25.8,Gas,50.0
464_Gas,464,51.9,Gas,50.0
464_Oil,464,66.3,Oil,100.0
464_Run_of_River,464,25.4,Run_of_River,3.0
465_Gas,465,35.0,Gas,50.0
465_Oil,465,80.0,Oil,100.0
468_Gas,468,17.5,Gas,50.0
468_Hard_Coal,468,79.0,Hard_Coal,25.0
468_Oil,468,4.8,Oil,100.0
468_Waste,468,16.0,Waste,6.0
47_Gas,47,444.0,Gas,50.0
47_Run_of_River,47,31.7,Run_of_River,3.0
474_Gas,474,390.0,Gas,50.0
475_Oil,475,250.6,Oil,100.0
478_Gas,478,95.0,Gas,50.0
484_Gas,484,65.0,Gas,50.0
484_Other,484,6.0,Other,32.0
484_Run_of_River,484,66.7,Run_of_River,3.0
484_Storage_Hydro,484,45.5,Storage_Hydro,3.0
485_Run_of_River,485,26.5,Run_of_River,3.0
486_Hard_Coal,486,138.5,Hard_Coal,25.0
486_Oil,486,11.4,Oil,100.0
487_Brown_Coal,487,875.0,Brown_Coal,10.0
487_Oil,487,11.4,Oil,100.0
49_Brown_Coal,49,352.0,Brown_Coal,10.0
49_Hard_Coal,49,66.0,Hard_Coal,25.0
49_Waste,49,37.5,Waste,6.0
492_Hard_Coal,492,54.0,Hard_Coal,25.0
492_Waste,492,56.9,Waste,6.0
495_Hard_Coal,495,147.0,Hard_Coal,25.0
51_Storage_Hydro,51,20.0,Storage_Hydro,3.0
52_220kV_Gas,52_220kV,390.0,Gas,50.0
52_220kV_Hard_Coal,52_220kV,1347.0,Hard_Coal,25.0
56_220kV_Gas,56_220kV,11.7,Gas,50.0
58_Gas,58,52.5,Gas,50.0
58_Hard_Coal,58,26.9,Hard_Coal,25.0
59_Hard_Coal,59,324.0,Hard_Coal,25.0
5_220kV_Run_of_River,5_220kV,4.6,Run_of_River,3.0
61_220kV_Gas,61_220kV,334.0,Gas,50.0
61_220kV_Hard_Coal,61_220kV,350.0,Hard_Coal,25.0
62_Hard_Coal,62,119.0,Hard_Coal,25.0
62_Run_of_River,62,9.9,Run_of_River,3.0
62_Waste,62,44.0,Waste,6.0
63_Brown_Coal,63,465.0,Brown_Coal,10.0
63_Run_of_River,63,22.0,Run_of_River,3.0
64_Run_of_River,64,11.2,Run_of_River,3.0
65_Run_of_River,65,164.5,Run_of_River,3.0
66_Run_of_River,66,5.1,Run_of_River,3.0
67_Gas,67,14.8,Gas,50.0
67_Hard_Coal,67,300.0,Hard_Coal,25.0
67_Oil,67,88.0,Oil,100.0
67_Other,67,150.0,Other,32.0
67_Storage_Hydro,67,392.0,Storage_Hydro,3.0
67_Waste,67,33.0,Waste,6.0
68_220kV_Run_of_River,68_220kV,4.2,Run_of_River,3.0
69_220kV_Gas,69_220kV,11.5,Gas,50.0
69_220kV_Waste,69_220kV,18.8,Waste,6.0
70_Gas,70,423.0,Gas,50.0
70_Waste,70,15.6,Waste,6.0
71_Brown_Coal,71,49.0,Brown_Coal,10.0
71_Gas,71,161.1,Gas,50.0
71_Waste,71,9.9,Waste,6.0
72_Brown_Coal,72,900.0,Brown_Coal,10.0
72_Gas,72,151.0,Gas,50.0
72_Oil,72,120.0,Oil,100.0
74_220kV_Gas,74_220kV,122.0,Gas,50.0
74_220kV_Waste,74_220kV,23.3,Waste,6.0
75_Brown_Coal,75,49.0,Brown_Coal,10.0
77_Gas,77,5.3,Gas,50.0
79_Brown_Coal,79,750.0,Brown_Coal,10.0
79_Waste,79,18.7,Waste,6.0
81_Brown_Coal,81,2835.0,Brown_Coal,10.0
81_Other,81,124.5,Other,32.0
83_Brown_Coal,83,750.0,Brown_Coal,10.0
83_Other,83,53.6,Other,32.0
84_Hard_Coal,84,323.0,Hard_Coal,25.0
87_220kV_Gas,87_220kV,138.7,Gas,50.0
87_220kV_Hard_Coal,87_220kV,175.9,Hard_Coal,25.0
87_220kV_Multiple,87_220kV,120.0,Multiple,28.0
88_Gas,88,39.8,Gas,50.0
89_Other,89,606.0,Other,32.0
92_Gas,92,66.0,Gas,50.0
94_220kV_Geothermal,94_220kV,0.2,Geothermal,26.0
95_220kV_Gas,95_220kV,24.3,Gas,50.0
99_220kV_Gas,99_220kV,113.6,Gas,50.0
99_220kV_Hard_Coal,99_220kV,655.6,Hard_Coal,25.0
218_Wind_Offshore,218,48.3,Wind_Offshore,0.0
221_Wind_Offshore,221,400.0,Wind_Offshore,0.0
270_Wind_Offshore,270,60.0,Wind_Offshore,0.0
271_Wind_Offshore,271,1018.0,Wind_Offshore,0.0
22_220kV_Wind_Offshore,22_220kV,1447.2,Wind_Offshore,0.0
1_Wind_Onshore,1,153.510391124,Wind_Onshore,0.0
3_Wind_Onshore,3,50.1645064777,Wind_Onshore,0.0
4_Wind_Onshore,4,84.2627790573,Wind_Onshore,0.0
6_Wind_Onshore,6,49.8864693272,Wind_Onshore,0.0
7_Wind_Onshore,7,67.2230767625,Wind_Onshore,0.0
8_Wind_Onshore,8,94.6840441287,Wind_Onshore,0.0
9_Wind_Onshore,9,85.7985253848,Wind_Onshore,0.0
11_Wind_Onshore,11,132.724113719,Wind_Onshore,0.0
14_Wind_Onshore,14,0.0641793580921,Wind_Onshore,0.0
16_Wind_Onshore,16,204.187623515,Wind_Onshore,0.0
17_Wind_Onshore,17,52.7005296089,Wind_Onshore,0.0
19_Wind_Onshore,19,6.03553849736,Wind_Onshore,0.0
21_Wind_Onshore,21,36.1635315924,Wind_Onshore,0.0
23_Wind_Onshore,23,61.8362042365,Wind_Onshore,0.0
25_Wind_Onshore,25,106.787062956,Wind_Onshore,0.0
27_Wind_Onshore,27,13.0295812923,Wind_Onshore,0.0
28_Wind_Onshore,28,71.6568833062,Wind_Onshore,0.0
29_Wind_Onshore,29,293.755374959,Wind_Onshore,0.0
31_Wind_Onshore,31,52.7816062429,Wind_Onshore,0.0
33_Wind_Onshore,33,304.429780208,Wind_Onshore,0.0
34_Wind_Onshore,34,20.6686903142,Wind_Onshore,0.0
35_Wind_Onshore,35,16.3680870699,Wind_Onshore,0.0
36_Wind_Onshore,36,273.855776496,Wind_Onshore,0.0
38_Wind_Onshore,38,2.8560689855,Wind_Onshore,0.0
39_Wind_Onshore,39,603.943953043,Wind_Onshore,0.0
40_Wind_Onshore,40,426.979978559,Wind_Onshore,0.0
41_Wind_Onshore,41,1055.73517403,Wind_Onshore,0.0
43_Wind_Onshore,43,414.871332023,Wind_Onshore,0.0
44_Wind_Onshore,44,10.3516315814,Wind_Onshore,0.0
45_Wind_Onshore,45,161.862596706,Wind_Onshore,0.0
47_Wind_Onshore,47,2.87856145665,Wind_Onshore,0.0
48_Wind_Onshore,48,8.67091627581,Wind_Onshore,0.0
49_Wind_Onshore,49,209.786523699,Wind_Onshore,0.0
50_Wind_Onshore,50,339.421642565,Wind_Onshore,0.0
51_Wind_Onshore,51,134.399019048,Wind_Onshore,0.0
53_Wind_Onshore,53,32.6535257613,Wind_Onshore,0.0
54_Wind_Onshore,54,5.00902220665,Wind_Onshore,0.0
55_Wind_Onshore,55,3.19075884669,Wind_Onshore,0.0
57_Wind_Onshore,57,0.788599328058,Wind_Onshore,0.0
58_Wind_Onshore,58,4.32869590283,Wind_Onshore,0.0
59_Wind_Onshore,59,112.606432525,Wind_Onshore,0.0
60_Wind_Onshore,60,77.81765048,Wind_Onshore,0.0
62_Wind_Onshore,62,153.592985662,Wind_Onshore,0.0
63_Wind_Onshore,63,15.7834481687,Wind_Onshore,0.0
64_Wind_Onshore,64,2.29550964638,Wind_Onshore,0.0
65_Wind_Onshore,65,26.1200405137,Wind_Onshore,0.0
66_Wind_Onshore,66,34.4132463542,Wind_Onshore,0.0
67_Wind_Onshore,67,72.3279923602,Wind_Onshore,0.0
70_Wind_Onshore,70,132.149983123,Wind_Onshore,0.0
71_Wind_Onshore,71,405.642114881,Wind_Onshore,0.0
72_Wind_Onshore,72,510.054159155,Wind_Onshore,0.0
73_Wind_Onshore,73,633.681488492,Wind_Onshore,0.0
75_Wind_Onshore,75,602.719370584,Wind_Onshore,0.0
76_Wind_Onshore,76,113.714399398,Wind_Onshore,0.0
77_Wind_Onshore,77,225.599169646,Wind_Onshore,0.0
79_Wind_Onshore,79,116.66596966,Wind_Onshore,0.0
80_Wind_Onshore,80,36.7824924762,Wind_Onshore,0.0
81_Wind_Onshore,81,384.449592248,Wind_Onshore,0.0
82_Wind_Onshore,82,89.1408968614,Wind_Onshore,0.0
83_Wind_Onshore,83,45.7938996393,Wind_Onshore,0.0
84_Wind_Onshore,84,54.0020322251,Wind_Onshore,0.0
85_Wind_Onshore,85,155.605297616,Wind_Onshore,0.0
88_Wind_Onshore,88,3.75903786416,Wind_Onshore,0.0
89_Wind_Onshore,89,0.20495144136,Wind_Onshore,0.0
90_Wind_Onshore,90,84.5061198676,Wind_Onshore,0.0
91_Wind_Onshore,91,4.60112152773,Wind_Onshore,0.0
92_Wind_Onshore,92,71.0254994175,Wind_Onshore,0.0
93_Wind_Onshore,93,290.937197757,Wind_Onshore,0.0
97_Wind_Onshore,97,0.0266961326966,Wind_Onshore,0.0
98_Wind_Onshore,98,83.9306653156,Wind_Onshore,0.0
101_Wind_Onshore,101,350.979987644,Wind_Onshore,0.0
102_Wind_Onshore,102,245.381700655,Wind_Onshore,0.0
103_Wind_Onshore,103,0.206918168218,Wind_Onshore,0.0
108_Wind_Onshore,108,2.17859329378,Wind_Onshore,0.0
109_Wind_Onshore,109,2.28979314118,Wind_Onshore,0.0
110_Wind_Onshore,110,76.2216146438,Wind_Onshore,0.0
111_Wind_Onshore,111,320.42275108,Wind_Onshore,0.0
112_Wind_Onshore,112,0.778210370106,Wind_Onshore,0.0
113_Wind_Onshore,113,1.65455712572,Wind_Onshore,0.0
114_Wind_Onshore,114,89.637993199,Wind_Onshore,0.0
115_Wind_Onshore,115,69.5342899494,Wind_Onshore,0.0
116_Wind_Onshore,116,3.53636055719,Wind_Onshore,0.0
118_Wind_Onshore,118,13.4468885109,Wind_Onshore,0.0
119_Wind_Onshore,119,50.5752781935,Wind_Onshore,0.0
121_Wind_Onshore,121,32.6011423992,Wind_Onshore,0.0
122_Wind_Onshore,122,90.7925410198,Wind_Onshore,0.0
126_Wind_Onshore,126,8.72501236524,Wind_Onshore,0.0
127_Wind_Onshore,127,43.2540231528,Wind_Onshore,0.0
130_Wind_Onshore,130,2.41600145539,Wind_Onshore,0.0
131_Wind_Onshore,131,0.540589207054,Wind_Onshore,0.0
132_Wind_Onshore,132,1.46288325395,Wind_Onshore,0.0
133_Wind_Onshore,133,1.46433600229,Wind_Onshore,0.0
134_Wind_Onshore,134,1.28828304343,Wind_Onshore,0.0
135_Wind_Onshore,135,25.8188993015,Wind_Onshore,0.0
136_Wind_Onshore,136,29.1548929719,Wind_Onshore,0.0
137_Wind_Onshore,137,105.296621064,Wind_Onshore,0.0
139_Wind_Onshore,139,3.06138955244,Wind_Onshore,0.0
140_Wind_Onshore,140,4.73874713717,Wind_Onshore,0.0
141_Wind_Onshore,141,1.02575387048,Wind_Onshore,0.0
142_Wind_Onshore,142,2.8970783132,Wind_Onshore,0.0
144_Wind_Onshore,144,0.359496708924,Wind_Onshore,0.0
145_Wind_Onshore,145,0.719596947326,Wind_Onshore,0.0
146_Wind_Onshore,146,0.508453122526,Wind_Onshore,0.0
147_Wind_Onshore,147,8.11781937714,Wind_Onshore,0.0
148_Wind_Onshore,148,0.402699751377,Wind_Onshore,0.0
149_Wind_Onshore,149,3.669011551,Wind_Onshore,0.0
150_Wind_Onshore,150,1.25427791149,Wind_Onshore,0.0
151_Wind_Onshore,151,19.8227688711,Wind_Onshore,0.0
152_Wind_Onshore,152,28.389456755,Wind_Onshore,0.0
153_Wind_Onshore,153,119.464559856,Wind_Onshore,0.0
154_Wind_Onshore,154,1.21573343643,Wind_Onshore,0.0
155_Wind_Onshore,155,25.239356261,Wind_Onshore,0.0
158_Wind_Onshore,158,52.5273816031,Wind_Onshore,0.0
161_Wind_Onshore,161,175.889627208,Wind_Onshore,0.0
162_Wind_Onshore,162,0.861317127693,Wind_Onshore,0.0
163_Wind_Onshore,163,45.7037068059,Wind_Onshore,0.0
164_Wind_Onshore,164,17.6455290289,Wind_Onshore,0.0
166_Wind_Onshore,166,8.55678386233,Wind_Onshore,0.0
167_Wind_Onshore,167,3.62255952466,Wind_Onshore,0.0
168_Wind_Onshore,168,13.0361134479,Wind_Onshore,0.0
169_Wind_Onshore,169,0.116517735693,Wind_Onshore,0.0
170_Wind_Onshore,170,0.0687883675101,Wind_Onshore,0.0
171_Wind_Onshore,171,0.160624563218,Wind_Onshore,0.0
172_Wind_Onshore,172,0.609451340471,Wind_Onshore,0.0
173_Wind_Onshore,173,16.0223344728,Wind_Onshore,0.0
174_Wind_Onshore,174,4.35414698006,Wind_Onshore,0.0
175_Wind_Onshore,175,1.04303990751,Wind_Onshore,0.0
176_Wind_Onshore,176,13.4980870092,Wind_Onshore,0.0
177_Wind_Onshore,177,238.377761372,Wind_Onshore,0.0
178_Wind_Onshore,178,25.2633910944,Wind_Onshore,0.0
179_Wind_Onshore,179,502.409178069,Wind_Onshore,0.0
180_Wind_Onshore,180,330.031939735,Wind_Onshore,0.0
181_Wind_Onshore,181,285.625411508,Wind_Onshore,0.0
182_Wind_Onshore,182,57.1885789685,Wind_Onshore,0.0
183_Wind_Onshore,183,83.2771628571,Wind_Onshore,0.0
185_Wind_Onshore,185,5.05377980991,Wind_Onshore,0.0
186_Wind_Onshore,186,1.34577448661,Wind_Onshore,0.0
187_Wind_Onshore,187,2.72184505996,Wind_Onshore,0.0
188_Wind_Onshore,188,0.265989546307,Wind_Onshore,0.0
189_Wind_Onshore,189,9.02988478213,Wind_Onshore,0.0
190_Wind_Onshore,190,3.58404269875,Wind_Onshore,0.0
192_Wind_Onshore,192,254.253327175,Wind_Onshore,0.0
193_Wind_Onshore,193,1.26008164224,Wind_Onshore,0.0
194_Wind_Onshore,194,0.855454008484,Wind_Onshore,0.0
196_Wind_Onshore,196,0.232219951161,Wind_Onshore,0.0
197_Wind_Onshore,197,27.8740104664,Wind_Onshore,0.0
198_Wind_Onshore,198,3.16799906488,Wind_Onshore,0.0
199_Wind_Onshore,199,1.30629298198,Wind_Onshore,0.0
200_Wind_Onshore,200,0.688544563034,Wind_Onshore,0.0
202_Wind_Onshore,202,85.7395569744,Wind_Onshore,0.0
203_Wind_Onshore,203,99.3195792397,Wind_Onshore,0.0
204_Wind_Onshore,204,38.2225747563,Wind_Onshore,0.0
205_Wind_Onshore,205,4.21900521504,Wind_Onshore,0.0
206_Wind_Onshore,206,11.3439712953,Wind_Onshore,0.0
207_Wind_Onshore,207,38.9163677331,Wind_Onshore,0.0
208_Wind_Onshore,208,9.81457352728,Wind_Onshore,0.0
209_Wind_Onshore,209,179.712741143,Wind_Onshore,0.0
210_Wind_Onshore,210,20.2618052811,Wind_Onshore,0.0
211_Wind_Onshore,211,220.533673307,Wind_Onshore,0.0
212_Wind_Onshore,212,73.0794126745,Wind_Onshore,0.0
213_Wind_Onshore,213,21.4545687721,Wind_Onshore,0.0
214_Wind_Onshore,214,2.39995325631,Wind_Onshore,0.0
215_Wind_Onshore,215,8.98603573294,Wind_Onshore,0.0
216_Wind_Onshore,216,0.202358992327,Wind_Onshore,0.0
217_Wind_Onshore,217,160.697955702,Wind_Onshore,0.0
218_Wind_Onshore,218,90.5922662203,Wind_Onshore,0.0
219_Wind_Onshore,219,39.8191571163,Wind_Onshore,0.0
221_Wind_Onshore,221,201.421956418,Wind_Onshore,0.0
222_Wind_Onshore,222,56.0124084149,Wind_Onshore,0.0
223_Wind_Onshore,223,25.1666668423,Wind_Onshore,0.0
224_Wind_Onshore,224,49.892379932,Wind_Onshore,0.0
225_Wind_Onshore,225,182.623255886,Wind_Onshore,0.0
226_Wind_Onshore,226,47.5418211266,Wind_Onshore,0.0
227_Wind_Onshore,227,0.548842797786,Wind_Onshore,0.0
228_Wind_Onshore,228,3.80689419028,Wind_Onshore,0.0
229_Wind_Onshore,229,3.57545259247,Wind_Onshore,0.0
230_Wind_Onshore,230,2.24203138868,Wind_Onshore,0.0
234_Wind_Onshore,234,1.26826084243,Wind_Onshore,0.0
235_Wind_Onshore,235,9.02599008132,Wind_Onshore,0.0
237_Wind_Onshore,237,18.0052285695,Wind_Onshore,0.0
238_Wind_Onshore,238,91.1718882891,Wind_Onshore,0.0
239_Wind_Onshore,239,57.3427040317,Wind_Onshore,0.0
240_Wind_Onshore,240,4.50590653785,Wind_Onshore,0.0
241_Wind_Onshore,241,2.25296531835,Wind_Onshore,0.0
242_Wind_Onshore,242,67.7544693336,Wind_Onshore,0.0
245_Wind_Onshore,245,35.8716168147,Wind_Onshore,0.0
246_Wind_Onshore,246,0.980482439128,Wind_Onshore,0.0
249_Wind_Onshore,249,12.3395302249,Wind_Onshore,0.0
253_Wind_Onshore,253,30.5978493741,Wind_Onshore,0.0
254_Wind_Onshore,254,593.230436463,Wind_Onshore,0.0
255_Wind_Onshore,255,211.057769317,Wind_Onshore,0.0
256_Wind_Onshore,256,3.806101238,Wind_Onshore,0.0
257_Wind_Onshore,257,160.523777952,Wind_Onshore,0.0
258_Wind_Onshore,258,34.9314811298,Wind_Onshore,0.0
259_Wind_Onshore,259,3.98285835666,Wind_Onshore,0.0
260_Wind_Onshore,260,17.4828066828,Wind_Onshore,0.0
262_Wind_Onshore,262,3.02136730179,Wind_Onshore,0.0
265_Wind_Onshore,265,51.2442219887,Wind_Onshore,0.0
266_Wind_Onshore,266,1.68127574154,Wind_Onshore,0.0
268_Wind_Onshore,268,33.5547803098,Wind_Onshore,0.0
269_Wind_Onshore,269,75.0750875274,Wind_Onshore,0.0
270_Wind_Onshore,270,575.368279546,Wind_Onshore,0.0
271_Wind_Onshore,271,101.139399875,Wind_Onshore,0.0
273_Wind_Onshore,273,9.0373397227,Wind_Onshore,0.0
274_Wind_Onshore,274,82.2250352232,Wind_Onshore,0.0
275_Wind_Onshore,275,14.6054088834,Wind_Onshore,0.0
276_Wind_Onshore,276,188.691049163,Wind_Onshore,0.0
277_Wind_Onshore,277,2.26770583626,Wind_Onshore,0.0
278_Wind_Onshore,278,339.510510359,Wind_Onshore,0.0
280_Wind_Onshore,280,385.361595031,Wind_Onshore,0.0
283_Wind_Onshore,283,27.074037541,Wind_Onshore,0.0
284_Wind_Onshore,284,83.0798418272,Wind_Onshore,0.0
285_Wind_Onshore,285,323.472536333,Wind_Onshore,0.0
286_Wind_Onshore,286,8.0808958712,Wind_Onshore,0.0
287_Wind_Onshore,287,57.1278247463,Wind_Onshore,0.0
288_Wind_Onshore,288,21.8333957759,Wind_Onshore,0.0
289_Wind_Onshore,289,91.9582753388,Wind_Onshore,0.0
290_Wind_Onshore,290,76.1351770479,Wind_Onshore,0.0
291_Wind_Onshore,291,30.8305188023,Wind_Onshore,0.0
293_Wind_Onshore,293,23.4043450629,Wind_Onshore,0.0
294_Wind_Onshore,294,14.887727285,Wind_Onshore,0.0
295_Wind_Onshore,295,64.502694254,Wind_Onshore,0.0
296_Wind_Onshore,296,82.2786953613,Wind_Onshore,0.0
297_Wind_Onshore,297,3.81841924681,Wind_Onshore,0.0
298_Wind_Onshore,298,15.0918417045,Wind_Onshore,0.0
299_Wind_Onshore,299,88.9528798809,Wind_Onshore,0.0
300_Wind_Onshore,300,235.487328921,Wind_Onshore,0.0
301_Wind_Onshore,301,109.288718785,Wind_Onshore,0.0
302_Wind_Onshore,302,20.1687166138,Wind_Onshore,0.0
304_Wind_Onshore,304,201.699554501,Wind_Onshore,0.0
305_Wind_Onshore,305,0.524108115665,Wind_Onshore,0.0
306_Wind_Onshore,306,0.352420710612,Wind_Onshore,0.0
309_Wind_Onshore,309,82.0353612917,Wind_Onshore,0.0
310_Wind_Onshore,310,6.65472673495,Wind_Onshore,0.0
311_Wind_Onshore,311,119.710848522,Wind_Onshore,0.0
313_Wind_Onshore,313,39.469005702,Wind_Onshore,0.0
314_Wind_Onshore,314,3.4294999088,Wind_Onshore,0.0
316_Wind_Onshore,316,5.10582944022,Wind_Onshore,0.0
318_Wind_Onshore,318,38.9505114335,Wind_Onshore,0.0
319_Wind_Onshore,319,47.3717915205,Wind_Onshore,0.0
320_Wind_Onshore,320,1.23166024502,Wind_Onshore,0.0
321_Wind_Onshore,321,2.16920079779,Wind_Onshore,0.0
323_Wind_Onshore,323,53.0956287692,Wind_Onshore,0.0
324_Wind_Onshore,324,99.0752999943,Wind_Onshore,0.0
325_Wind_Onshore,325,25.6556410363,Wind_Onshore,0.0
326_Wind_Onshore,326,65.61125218,Wind_Onshore,0.0
327_Wind_Onshore,327,170.437781001,Wind_Onshore,0.0
328_Wind_Onshore,328,0.00434449024199,Wind_Onshore,0.0
329_Wind_Onshore,329,0.626493907051,Wind_Onshore,0.0
330_Wind_Onshore,330,2.51245968177,Wind_Onshore,0.0
331_Wind_Onshore,331,4.36303730827,Wind_Onshore,0.0
333_Wind_Onshore,333,1297.76442825,Wind_Onshore,0.0
335_Wind_Onshore,335,28.4263216809,Wind_Onshore,0.0
337_Wind_Onshore,337,2.93704756536,Wind_Onshore,0.0
339_Wind_Onshore,339,17.8722009047,Wind_Onshore,0.0
340_Wind_Onshore,340,93.1996278632,Wind_Onshore,0.0
341_Wind_Onshore,341,148.402692339,Wind_Onshore,0.0
342_Wind_Onshore,342,184.14923543,Wind_Onshore,0.0
343_Wind_Onshore,343,4.90197409828,Wind_Onshore,0.0
344_Wind_Onshore,344,98.2933506333,Wind_Onshore,0.0
345_Wind_Onshore,345,41.6820737696,Wind_Onshore,0.0
346_Wind_Onshore,346,2.40210740929,Wind_Onshore,0.0
347_Wind_Onshore,347,5.39742965672,Wind_Onshore,0.0
348_Wind_Onshore,348,5.87366595854,Wind_Onshore,0.0
349_Wind_Onshore,349,27.3564890353,Wind_Onshore,0.0
350_Wind_Onshore,350,177.778741548,Wind_Onshore,0.0
352_Wind_Onshore,352,4.01460326021,Wind_Onshore,0.0
354_Wind_Onshore,354,2.15820669618,Wind_Onshore,0.0
355_Wind_Onshore,355,23.74405048,Wind_Onshore,0.0
356_Wind_Onshore,356,60.8633036939,Wind_Onshore,0.0
357_Wind_Onshore,357,4.87729945362,Wind_Onshore,0.0
358_Wind_Onshore,358,4.33551577107,Wind_Onshore,0.0
359_Wind_Onshore,359,9.59431935716,Wind_Onshore,0.0
361_Wind_Onshore,361,0.00456719955131,Wind_Onshore,0.0
363_Wind_Onshore,363,1.82701375341,Wind_Onshore,0.0
364_Wind_Onshore,364,0.298940300013,Wind_Onshore,0.0
365_Wind_Onshore,365,3.27832133929,Wind_Onshore,0.0
366_Wind_Onshore,366,3.34909004921,Wind_Onshore,0.0
367_Wind_Onshore,367,1.64588987762,Wind_Onshore,0.0
368_Wind_Onshore,368,11.8540035349,Wind_Onshore,0.0
369_Wind_Onshore,369,262.264924035,Wind_Onshore,0.0
370_Wind_Onshore,370,30.8367475842,Wind_Onshore,0.0
371_Wind_Onshore,371,12.0039872819,Wind_Onshore,0.0
372_Wind_Onshore,372,7.87902661745,Wind_Onshore,0.0
373_Wind_Onshore,373,2.75749675502,Wind_Onshore,0.0
374_Wind_Onshore,374,23.9585741942,Wind_Onshore,0.0
375_Wind_Onshore,375,1.95633185604,Wind_Onshore,0.0
376_Wind_Onshore,376,17.7082761196,Wind_Onshore,0.0
377_Wind_Onshore,377,20.7585904677,Wind_Onshore,0.0
378_Wind_Onshore,378,0.161123144974,Wind_Onshore,0.0
379_Wind_Onshore,379,0.929763183455,Wind_Onshore,0.0
380_Wind_Onshore,380,199.111908709,Wind_Onshore,0.0
381_Wind_Onshore,381,13.0632583963,Wind_Onshore,0.0
383_Wind_Onshore,383,90.4975589655,Wind_Onshore,0.0
386_Wind_Onshore,386,56.928865333,Wind_Onshore,0.0
387_Wind_Onshore,387,50.7968954699,Wind_Onshore,0.0
388_Wind_Onshore,388,16.0633432056,Wind_Onshore,0.0
389_Wind_Onshore,389,218.675423603,Wind_Onshore,0.0
390_Wind_Onshore,390,30.1310283897,Wind_Onshore,0.0
392_Wind_Onshore,392,0.289238434706,Wind_Onshore,0.0
393_Wind_Onshore,393,26.2930875243,Wind_Onshore,0.0
394_Wind_Onshore,394,45.6502535882,Wind_Onshore,0.0
395_Wind_Onshore,395,1.21534084768,Wind_Onshore,0.0
396_Wind_Onshore,396,3.306939311,Wind_Onshore,0.0
397_Wind_Onshore,397,29.7730350488,Wind_Onshore,0.0
398_Wind_Onshore,398,121.31240995,Wind_Onshore,0.0
399_Wind_Onshore,399,0.832524410153,Wind_Onshore,0.0
400_Wind_Onshore,400,10.0864820071,Wind_Onshore,0.0
401_Wind_Onshore,401,70.0983272434,Wind_Onshore,0.0
402_Wind_Onshore,402,205.513321072,Wind_Onshore,0.0
405_Wind_Onshore,405,0.734589478908,Wind_Onshore,0.0
406_Wind_Onshore,406,1.10210758817,Wind_Onshore,0.0
409_Wind_Onshore,409,0.226056957693,Wind_Onshore,0.0
410_Wind_Onshore,410,3.97118800864,Wind_Onshore,0.0
411_Wind_Onshore,411,214.719214758,Wind_Onshore,0.0
412_Wind_Onshore,412,414.115976321,Wind_Onshore,0.0
414_Wind_Onshore,414,22.7079271365,Wind_Onshore,0.0
415_Wind_Onshore,415,42.3523424512,Wind_Onshore,0.0
416_Wind_Onshore,416,0.0949711377878,Wind_Onshore,0.0
417_Wind_Onshore,417,0.0159577330889,Wind_Onshore,0.0
418_Wind_Onshore,418,0.837260326848,Wind_Onshore,0.0
422_Wind_Onshore,422,2.1470467446e-08,Wind_Onshore,0.0
423_Wind_Onshore,423,0.147716007334,Wind_Onshore,0.0
424_Wind_Onshore,424,1.68832442006,Wind_Onshore,0.0
425_Wind_Onshore,425,73.4862311837,Wind_Onshore,0.0
426_Wind_Onshore,426,56.4599127019,Wind_Onshore,0.0
427_Wind_Onshore,427,0.247292713667,Wind_Onshore,0.0
428_Wind_Onshore,428,70.6335891308,Wind_Onshore,0.0
429_Wind_Onshore,429,17.1359833072,Wind_Onshore,0.0
430_Wind_Onshore,430,63.2071733464,Wind_Onshore,0.0
431_Wind_Onshore,431,79.1072159825,Wind_Onshore,0.0
432_Wind_Onshore,432,0.0361579458313,Wind_Onshore,0.0
433_Wind_Onshore,433,0.0610682185031,Wind_Onshore,0.0
434_Wind_Onshore,434,0.000455522242349,Wind_Onshore,0.0
435_Wind_Onshore,435,1.22999224722,Wind_Onshore,0.0
436_Wind_Onshore,436,43.8638910737,Wind_Onshore,0.0
437_Wind_Onshore,437,3.29824335081,Wind_Onshore,0.0
438_Wind_Onshore,438,7.96885916892,Wind_Onshore,0.0
439_Wind_Onshore,439,0.343307573159,Wind_Onshore,0.0
440_Wind_Onshore,440,81.7672084659,Wind_Onshore,0.0
441_Wind_Onshore,441,192.966587575,Wind_Onshore,0.0
442_Wind_Onshore,442,35.2002569935,Wind_Onshore,0.0
443_Wind_Onshore,443,108.220145939,Wind_Onshore,0.0
444_Wind_Onshore,444,61.2238159146,Wind_Onshore,0.0
445_Wind_Onshore,445,176.213655222,Wind_Onshore,0.0
446_Wind_Onshore,446,234.376272084,Wind_Onshore,0.0
447_Wind_Onshore,447,246.029905672,Wind_Onshore,0.0
448_Wind_Onshore,448,0.805984486427,Wind_Onshore,0.0
449_Wind_Onshore,449,1.21335617518,Wind_Onshore,0.0
451_Wind_Onshore,451,1.01257029068,Wind_Onshore,0.0
452_Wind_Onshore,452,138.839906457,Wind_Onshore,0.0
453_Wind_Onshore,453,109.821439285,Wind_Onshore,0.0
454_Wind_Onshore,454,4.66913458007,Wind_Onshore,0.0
455_Wind_Onshore,455,0.124454538855,Wind_Onshore,0.0
456_Wind_Onshore,456,0.673857688536,Wind_Onshore,0.0
457_Wind_Onshore,457,3.4935608962,Wind_Onshore,0.0
459_Wind_Onshore,459,0.928187582185,Wind_Onshore,0.0
460_Wind_Onshore,460,0.213536185243,Wind_Onshore,0.0
461_Wind_Onshore,461,3.73281623771,Wind_Onshore,0.0
462_Wind_Onshore,462,0.521719224928,Wind_Onshore,0.0
463_Wind_Onshore,463,19.3063857702,Wind_Onshore,0.0
464_Wind_Onshore,464,1.37650939265,Wind_Onshore,0.0
465_Wind_Onshore,465,1.0778860584,Wind_Onshore,0.0
466_Wind_Onshore,466,0.073776456668,Wind_Onshore,0.0
467_Wind_Onshore,467,0.0261115323765,Wind_Onshore,0.0
468_Wind_Onshore,468,25.0845450748,Wind_Onshore,0.0
469_Wind_Onshore,469,2.77964085133,Wind_Onshore,0.0
470_Wind_Onshore,470,17.8681570236,Wind_Onshore,0.0
471_Wind_Onshore,471,1.29719736092,Wind_Onshore,0.0
472_Wind_Onshore,472,89.339497458,Wind_Onshore,0.0
473_Wind_Onshore,473,26.3289024862,Wind_Onshore,0.0
474_Wind_Onshore,474,119.651672188,Wind_Onshore,0.0
475_Wind_Onshore,475,134.800517856,Wind_Onshore,0.0
476_Wind_Onshore,476,29.5508022611,Wind_Onshore,0.0
477_Wind_Onshore,477,10.763986748,Wind_Onshore,0.0
478_Wind_Onshore,478,0.211614489114,Wind_Onshore,0.0
479_Wind_Onshore,479,41.0786982606,Wind_Onshore,0.0
480_Wind_Onshore,480,12.0197862477,Wind_Onshore,0.0
481_Wind_Onshore,481,37.466518157,Wind_Onshore,0.0
482_Wind_Onshore,482,39.3953665018,Wind_Onshore,0.0
483_Wind_Onshore,483,5.98760147471,Wind_Onshore,0.0
484_Wind_Onshore,484,5.67979087386,Wind_Onshore,0.0
485_Wind_Onshore,485,25.9924891673,Wind_Onshore,0.0
486_Wind_Onshore,486,7.45450093216,Wind_Onshore,0.0
487_Wind_Onshore,487,7.95800152789,Wind_Onshore,0.0
488_Wind_Onshore,488,0.00131066478912,Wind_Onshore,0.0
489_Wind_Onshore,489,88.2646125587,Wind_Onshore,0.0
490_Wind_Onshore,490,33.260903116,Wind_Onshore,0.0
491_Wind_Onshore,491,1.39975698126,Wind_Onshore,0.0
492_Wind_Onshore,492,6.97236853525,Wind_Onshore,0.0
493_Wind_Onshore,493,4.73049465924,Wind_Onshore,0.0
494_Wind_Onshore,494,1.93101668749,Wind_Onshore,0.0
495_Wind_Onshore,495,219.092115221,Wind_Onshore,0.0
2_220kV_Wind_Onshore,2_220kV,21.3664022656,Wind_Onshore,0.0
5_220kV_Wind_Onshore,5_220kV,68.762601706,Wind_Onshore,0.0
10_220kV_Wind_Onshore,10_220kV,480.698670974,Wind_Onshore,0.0
12_220kV_Wind_Onshore,12_220kV,334.885742705,Wind_Onshore,0.0
13_220kV_Wind_Onshore,13_220kV,13.279826168,Wind_Onshore,0.0
15_220kV_Wind_Onshore,15_220kV,0.0342484524703,Wind_Onshore,0.0
18_220kV_Wind_Onshore,18_220kV,227.66202248,Wind_Onshore,0.0
20_220kV_Wind_Onshore,20_220kV,12.0589307388,Wind_Onshore,0.0
22_220kV_Wind_Onshore,22_220kV,1289.24118792,Wind_Onshore,0.0
24_220kV_Wind_Onshore,24_220kV,99.4400143411,Wind_Onshore,0.0
26_220kV_Wind_Onshore,26_220kV,86.7132172475,Wind_Onshore,0.0
30_220kV_Wind_Onshore,30_220kV,98.4341164973,Wind_Onshore,0.0
32_220kV_Wind_Onshore,32_220kV,238.321957679,Wind_Onshore,0.0
37_220kV_Wind_Onshore,37_220kV,392.815157911,Wind_Onshore,0.0
42_220kV_Wind_Onshore,42_220kV,99.1031638333,Wind_Onshore,0.0
46_220kV_Wind_Onshore,46_220kV,0.833608678014,Wind_Onshore,0.0
52_220kV_Wind_Onshore,52_220kV,0.171578405746,Wind_Onshore,0.0
56_220kV_Wind_Onshore,56_220kV,0.715522464707,Wind_Onshore,0.0
61_220kV_Wind_Onshore,61_220kV,103.00507623,Wind_Onshore,0.0
68_220kV_Wind_Onshore,68_220kV,8.98169605456,Wind_Onshore,0.0
69_220kV_Wind_Onshore,69_220kV,25.0367994661,Wind_Onshore,0.0
74_220kV_Wind_Onshore,74_220kV,758.547933152,Wind_Onshore,0.0
78_220kV_Wind_Onshore,78_220kV,89.4774107804,Wind_Onshore,0.0
86_220kV_Wind_Onshore,86_220kV,7.52357781345,Wind_Onshore,0.0
87_220kV_Wind_Onshore,87_220kV,95.4376729474,Wind_Onshore,0.0
94_220kV_Wind_Onshore,94_220kV,59.2568089536,Wind_Onshore,0.0
95_220kV_Wind_Onshore,95_220kV,68.1988383832,Wind_Onshore,0.0
96_220kV_Wind_Onshore,96_220kV,24.0689205783,Wind_Onshore,0.0
99_220kV_Wind_Onshore,99_220kV,64.9377498058,Wind_Onshore,0.0
100_220kV_Wind_Onshore,100_220kV,155.126607127,Wind_Onshore,0.0
104_220kV_Wind_Onshore,104_220kV,0.654438393951,Wind_Onshore,0.0
105_220kV_Wind_Onshore,105_220kV,50.0548224713,Wind_Onshore,0.0
106_220kV_Wind_Onshore,106_220kV,2.00267243918,Wind_Onshore,0.0
107_220kV_Wind_Onshore,107_220kV,0.246199309224,Wind_Onshore,0.0
117_220kV_Wind_Onshore,117_220kV,5.30905864691,Wind_Onshore,0.0
120_220kV_Wind_Onshore,120_220kV,101.498472549,Wind_Onshore,0.0
123_220kV_Wind_Onshore,123_220kV,17.9517371195,Wind_Onshore,0.0
124_220kV_Wind_Onshore,124_220kV,2.40268588876,Wind_Onshore,0.0
125_220kV_Wind_Onshore,125_220kV,0.711206857594,Wind_Onshore,0.0
128_220kV_Wind_Onshore,128_220kV,218.884211419,Wind_Onshore,0.0
129_220kV_Wind_Onshore,129_220kV,5.2999386857,Wind_Onshore,0.0
138_220kV_Wind_Onshore,138_220kV,5.68501661608,Wind_Onshore,0.0
143_220kV_Wind_Onshore,143_220kV,2.09615495407,Wind_Onshore,0.0
156_220kV_Wind_Onshore,156_220kV,23.7891713059,Wind_Onshore,0.0
157_220kV_Wind_Onshore,157_220kV,65.0074668763,Wind_Onshore,0.0
159_220kV_Wind_Onshore,159_220kV,78.9652647132,Wind_Onshore,0.0
160_220kV_Wind_Onshore,160_220kV,159.165074052,Wind_Onshore,0.0
165_220kV_Wind_Onshore,165_220kV,11.9801821685,Wind_Onshore,0.0
184_220kV_Wind_Onshore,184_220kV,8.36260839263,Wind_Onshore,0.0
191_220kV_Wind_Onshore,191_220kV,1.39894761524,Wind_Onshore,0.0
195_220kV_Wind_Onshore,195_220kV,0.390879959804,Wind_Onshore,0.0
201_220kV_Wind_Onshore,201_220kV,250.480113476,Wind_Onshore,0.0
220_220kV_Wind_Onshore,220_220kV,12.1229743482,Wind_Onshore,0.0
231_220kV_Wind_Onshore,231_220kV,0.0358333813701,Wind_Onshore,0.0
232_220kV_Wind_Onshore,232_220kV,5.59260608432,Wind_Onshore,0.0
233_220kV_Wind_Onshore,233_220kV,18.681964382,Wind_Onshore,0.0
236_220kV_Wind_Onshore,236_220kV,0.0531461245219,Wind_Onshore,0.0
247_220kV_Wind_Onshore,247_220kV,17.5108302983,Wind_Onshore,0.0
248_220kV_Wind_Onshore,248_220kV,3.59964866908,Wind_Onshore,0.0
250_220kV_Wind_Onshore,250_220kV,0.0299096483521,Wind_Onshore,0.0
251_220kV_Wind_Onshore,251_220kV,0.563547347789,Wind_Onshore,0.0
252_220kV_Wind_Onshore,252_220kV,2.89934039102,Wind_Onshore,0.0
261_220kV_Wind_Onshore,261_220kV,1.14291745916,Wind_Onshore,0.0
264_220kV_Wind_Onshore,264_220kV,5.56985592836,Wind_Onshore,0.0
267_220kV_Wind_Onshore,267_220kV,0.118937830652,Wind_Onshore,0.0
272_220kV_Wind_Onshore,272_220kV,782.463701225,Wind_Onshore,0.0
279_220kV_Wind_Onshore,279_220kV,84.6228380201,Wind_Onshore,0.0
281_220kV_Wind_Onshore,281_220kV,229.927503412,Wind_Onshore,0.0
282_220kV_Wind_Onshore,282_220kV,83.5571752494,Wind_Onshore,0.0
292_220kV_Wind_Onshore,292_220kV,404.486732631,Wind_Onshore,0.0
303_220kV_Wind_Onshore,303_220kV,66.9207172853,Wind_Onshore,0.0
307_220kV_Wind_Onshore,307_220kV,0.000282085714083,Wind_Onshore,0.0
308_220kV_Wind_Onshore,308_220kV,89.0700055742,Wind_Onshore,0.0
312_220kV_Wind_Onshore,312_220kV,105.800801794,Wind_Onshore,0.0
315_220kV_Wind_Onshore,315_220kV,2.28667590888,Wind_Onshore,0.0
317_220kV_Wind_Onshore,317_220kV,0.15481733758,Wind_Onshore,0.0
322_220kV_Wind_Onshore,322_220kV,8.16533291814,Wind_Onshore,0.0
332_220kV_Wind_Onshore,332_220kV,0.938928397166,Wind_Onshore,0.0
334_220kV_Wind_Onshore,334_220kV,45.9721869349,Wind_Onshore,0.0
336_220kV_Wind_Onshore,336_220kV,188.822835863,Wind_Onshore,0.0
338_220kV_Wind_Onshore,338_220kV,26.7659131433,Wind_Onshore,0.0
351_220kV_Wind_Onshore,351_220kV,56.406717084,Wind_Onshore,0.0
353_220kV_Wind_Onshore,353_220kV,15.4380419165,Wind_Onshore,0.0
360_220kV_Wind_Onshore,360_220kV,0.065259330574,Wind_Onshore,0.0
362_220kV_Wind_Onshore,362_220kV,0.0051931708536,Wind_Onshore,0.0
382_220kV_Wind_Onshore,382_220kV,107.008141438,Wind_Onshore,0.0
384_220kV_Wind_Onshore,384_220kV,155.221920322,Wind_Onshore,0.0
385_220kV_Wind_Onshore,385_220kV,64.1300521047,Wind_Onshore,0.0
391_220kV_Wind_Onshore,391_220kV,23.0517859404,Wind_Onshore,0.0
403_220kV_Wind_Onshore,403_220kV,0.0277114755375,Wind_Onshore,0.0
404_220kV_Wind_Onshore,404_220kV,0.00632964140695,Wind_Onshore,0.0
413_220kV_Wind_Onshore,413_220kV,0.0288099331934,Wind_Onshore,0.0
421_220kV_Wind_Onshore,421_220kV,1.28680397051,Wind_Onshore,0.0
450_220kV_Wind_Onshore,450_220kV,0.670542049842,Wind_Onshore,0.0
458_220kV_Wind_Onshore,458_220kV,0.0465395074554,Wind_Onshore,0.0
1_Solar,1,79.6742560609,Solar,0.0
3_Solar,3,31.1791155392,Solar,0.0
4_Solar,4,40.212665684,Solar,0.0
6_Solar,6,20.3045209459,Solar,0.0
7_Solar,7,26.1592506043,Solar,0.0
8_Solar,8,68.4254026128,Solar,0.0
9_Solar,9,44.4785577653,Solar,0.0
11_Solar,11,103.998682344,Solar,0.0
14_Solar,14,41.3867255852,Solar,0.0
16_Solar,16,84.3780121085,Solar,0.0
17_Solar,17,79.0551550636,Solar,0.0
19_Solar,19,183.821408516,Solar,0.0
21_Solar,21,37.3790334569,Solar,0.0
23_Solar,23,37.369338741,Solar,0.0
25_Solar,25,29.5166073047,Solar,0.0
27_Solar,27,8.93177879641,Solar,0.0
28_Solar,28,39.2614503805,Solar,0.0
29_Solar,29,99.7401656585,Solar,0.0
31_Solar,31,130.774402129,Solar,0.0
33_Solar,33,201.766962889,Solar,0.0
34_Solar,34,4.16018945038,Solar,0.0
35_Solar,35,3.42991713565,Solar,0.0
36_Solar,36,50.2879465505,Solar,0.0
38_Solar,38,14.7886688836,Solar,0.0
39_Solar,39,121.437125869,Solar,0.0
40_Solar,40,185.545127919,Solar,0.0
41_Solar,41,255.443429575,Solar,0.0
43_Solar,43,362.597919288,Solar,0.0
44_Solar,44,21.273778898,Solar,0.0
45_Solar,45,77.0174857744,Solar,0.0
47_Solar,47,5.21471479441,Solar,0.0
48_Solar,48,9.57649096897,Solar,0.0
49_Solar,49,54.0354709189,Solar,0.0
50_Solar,50,92.4802821362,Solar,0.0
51_Solar,51,155.333413197,Solar,0.0
53_Solar,53,103.86577437,Solar,0.0
54_Solar,54,40.3763462646,Solar,0.0
55_Solar,55,25.9902423186,Solar,0.0
57_Solar,57,24.6223726015,Solar,0.0
58_Solar,58,112.609207037,Solar,0.0
59_Solar,59,86.3959417736,Solar,0.0
60_Solar,60,19.1273788624,Solar,0.0
62_Solar,62,61.8883512149,Solar,0.0
63_Solar,63,106.233906737,Solar,0.0
64_Solar,64,58.2728200809,Solar,0.0
65_Solar,65,12.8393796824,Solar,0.0
66_Solar,66,358.676350566,Solar,0.0
67_Solar,67,29.5317709447,Solar,0.0
70_Solar,70,89.3005966177,Solar,0.0
71_Solar,71,328.718571189,Solar,0.0
72_Solar,72,243.241909161,Solar,0.0
73_Solar,73,203.443402523,Solar,0.0
75_Solar,75,232.127956348,Solar,0.0
76_Solar,76,80.4037717732,Solar,0.0
77_Solar,77,144.715972126,Solar,0.0
79_Solar,79,153.606375759,Solar,0.0
80_Solar,80,34.2620170352,Solar,0.0
81_Solar,81,217.054487558,Solar,0.0
82_Solar,82,16.3482224843,Solar,0.0
83_Solar,83,35.1643325868,Solar,0.0
84_Solar,84,21.8924923001,Solar,0.0
85_Solar,85,156.277964167,Solar,0.0
88_Solar,88,8.1510919734,Solar,0.0
89_Solar,89,1.79196759744,Solar,0.0
90_Solar,90,81.2499299671,Solar,0.0
91_Solar,91,3.68518233687,Solar,0.0
92_Solar,92,61.3154903889,Solar,0.0
93_Solar,93,191.635296053,Solar,0.0
97_Solar,97,59.4243426049,Solar,0.0
98_Solar,98,48.5382676619,Solar,0.0
101_Solar,101,119.077524519,Solar,0.0
102_Solar,102,142.844699621,Solar,0.0
103_Solar,103,9.84236066,Solar,0.0
108_Solar,108,7.18318255245,Solar,0.0
109_Solar,109,9.5608896996,Solar,0.0
110_Solar,110,54.7900098014,Solar,0.0
111_Solar,111,138.730049031,Solar,0.0
112_Solar,112,2.85898664312,Solar,0.0
113_Solar,113,4.79549373064,Solar,0.0
114_Solar,114,86.7035713777,Solar,0.0
115_Solar,115,25.3565007917,Solar,0.0
116_Solar,116,7.64365313712,Solar,0.0
118_Solar,118,45.6581688249,Solar,0.0
119_Solar,119,26.209248478,Solar,0.0
121_Solar,121,16.3630315106,Solar,0.0
122_Solar,122,43.4771775464,Solar,0.0
126_Solar,126,42.0249070995,Solar,0.0
127_Solar,127,19.3952363453,Solar,0.0
130_Solar,130,19.4912494116,Solar,0.0
131_Solar,131,6.05227179856,Solar,0.0
132_Solar,132,18.5716563093,Solar,0.0
133_Solar,133,6.42055374372,Solar,0.0
134_Solar,134,10.8112029419,Solar,0.0
135_Solar,135,27.9762174524,Solar,0.0
136_Solar,136,28.1838273805,Solar,0.0
137_Solar,137,193.234776211,Solar,0.0
139_Solar,139,6.86558614609,Solar,0.0
140_Solar,140,10.6310697811,Solar,0.0
141_Solar,141,4.92036804098,Solar,0.0
142_Solar,142,6.68963671768,Solar,0.0
144_Solar,144,1.91202440048,Solar,0.0
145_Solar,145,8.05638783349,Solar,0.0
146_Solar,146,5.69359712972,Solar,0.0
147_Solar,147,20.7171111431,Solar,0.0
148_Solar,148,8.93845403313,Solar,0.0
149_Solar,149,65.1824653363,Solar,0.0
150_Solar,150,11.8788620772,Solar,0.0
151_Solar,151,10.1964958266,Solar,0.0
152_Solar,152,66.6139926948,Solar,0.0
153_Solar,153,121.671046677,Solar,0.0
154_Solar,154,12.4525836658,Solar,0.0
155_Solar,155,32.4862488557,Solar,0.0
158_Solar,158,25.8748930976,Solar,0.0
161_Solar,161,67.4333290023,Solar,0.0
162_Solar,162,9.64304372622,Solar,0.0
163_Solar,163,19.1661348612,Solar,0.0
164_Solar,164,25.1814057028,Solar,0.0
166_Solar,166,29.114828087,Solar,0.0
167_Solar,167,12.1621880467,Solar,0.0
168_Solar,168,29.1835928188,Solar,0.0
169_Solar,169,2.23765189247,Solar,0.0
170_Solar,170,5.02370478794,Solar,0.0
171_Solar,171,11.7306227274,Solar,0.0
172_Solar,172,3.41768401337,Solar,0.0
173_Solar,173,11.7659600244,Solar,0.0
174_Solar,174,11.1448823949,Solar,0.0
175_Solar,175,3.73270979541,Solar,0.0
176_Solar,176,17.4348273992,Solar,0.0
177_Solar,177,109.345623408,Solar,0.0
178_Solar,178,23.4815557252,Solar,0.0
179_Solar,179,176.928964154,Solar,0.0
180_Solar,180,161.276649117,Solar,0.0
181_Solar,181,84.0705616914,Solar,0.0
182_Solar,182,18.431240768,Solar,0.0
183_Solar,183,47.5302099481,Solar,0.0
185_Solar,185,10.7907104783,Solar,0.0
186_Solar,186,2.68010525828,Solar,0.0
187_Solar,187,5.63130043544,Solar,0.0
188_Solar,188,1.87938058935,Solar,0.0
189_Solar,189,91.7766704254,Solar,0.0
190_Solar,190,186.94217135,Solar,0.0
192_Solar,192,138.604086709,Solar,0.0
193_Solar,193,3.04032494127,Solar,0.0
194_Solar,194,1.60064915912,Solar,0.0
196_Solar,196,1.57820666119,Solar,0.0
197_Solar,197,48.6597169142,Solar,0.0
198_Solar,198,2.87787743383,Solar,0.0
199_Solar,199,5.22728175119,Solar,0.0
200_Solar,200,3.92704342258,Solar,0.0
202_Solar,202,72.6779347262,Solar,0.0
203_Solar,203,111.043024571,Solar,0.0
204_Solar,204,62.4049705273,Solar,0.0
205_Solar,205,10.5799252948,Solar,0.0
206_Solar,206,4.09103357811,Solar,0.0
207_Solar,207,47.970380957,Solar,0.0
208_Solar,208,31.23366266,Solar,0.0
209_Solar,209,83.1733681904,Solar,0.0
210_Solar,210,13.8872934732,Solar,0.0
211_Solar,211,226.804107757,Solar,0.0
212_Solar,212,71.3804125043,Solar,0.0
213_Solar,213,52.1481022426,Solar,0.0
214_Solar,214,17.3006198894,Solar,0.0
215_Solar,215,39.8924684097,Solar,0.0
216_Solar,216,9.18976482456,Solar,0.0
217_Solar,217,40.5756460295,Solar,0.0
218_Solar,218,74.9224344102,Solar,0.0
219_Solar,219,81.0354832754,Solar,0.0
221_Solar,221,112.018080105,Solar,0.0
222_Solar,222,18.1587294633,Solar,0.0
223_Solar,223,116.696893662,Solar,0.0
224_Solar,224,116.477465463,Solar,0.0
225_Solar,225,228.386530018,Solar,0.0
226_Solar,226,26.5015733691,Solar,0.0
227_Solar,227,86.2365746488,Solar,0.0
228_Solar,228,53.6568323407,Solar,0.0
229_Solar,229,23.1327737351,Solar,0.0
230_Solar,230,53.342089814,Solar,0.0
234_Solar,234,136.821485252,Solar,0.0
235_Solar,235,25.6063102247,Solar,0.0
237_Solar,237,5.35610593423,Solar,0.0
238_Solar,238,55.8258151624,Solar,0.0
239_Solar,239,37.2971956496,Solar,0.0
240_Solar,240,25.1498061516,Solar,0.0
241_Solar,241,48.5877681047,Solar,0.0
242_Solar,242,127.647586328,Solar,0.0
245_Solar,245,52.0517875922,Solar,0.0
246_Solar,246,6.76177981575,Solar,0.0
249_Solar,249,11.7078004149,Solar,0.0
253_Solar,253,26.2886918355,Solar,0.0
254_Solar,254,226.257418351,Solar,0.0
255_Solar,255,183.631946845,Solar,0.0
256_Solar,256,7.21385449034,Solar,0.0
257_Solar,257,75.6388526054,Solar,0.0
258_Solar,258,90.7750732185,Solar,0.0
259_Solar,259,42.3125380802,Solar,0.0
260_Solar,260,155.279397297,Solar,0.0
262_Solar,262,156.979011577,Solar,0.0
265_Solar,265,82.9282512593,Solar,0.0
266_Solar,266,301.614349192,Solar,0.0
268_Solar,268,19.4889665285,Solar,0.0
269_Solar,269,54.0671688866,Solar,0.0
270_Solar,270,82.1519469094,Solar,0.0
271_Solar,271,21.3295659833,Solar,0.0
273_Solar,273,2.85527347592,Solar,0.0
274_Solar,274,36.2687832585,Solar,0.0
275_Solar,275,55.7508443105,Solar,0.0
276_Solar,276,84.3085014161,Solar,0.0
277_Solar,277,0.456443333038,Solar,0.0
278_Solar,278,65.2833137834,Solar,0.0
280_Solar,280,220.758669251,Solar,0.0
283_Solar,283,51.3671639748,Solar,0.0
284_Solar,284,151.902129991,Solar,0.0
285_Solar,285,383.858473404,Solar,0.0
286_Solar,286,60.6556523832,Solar,0.0
287_Solar,287,77.3752768096,Solar,0.0
288_Solar,288,153.887449491,Solar,0.0
289_Solar,289,89.4394256267,Solar,0.0
290_Solar,290,194.473407228,Solar,0.0
291_Solar,291,116.049525596,Solar,0.0
293_Solar,293,33.5259472314,Solar,0.0
294_Solar,294,66.6389544354,Solar,0.0
295_Solar,295,35.869318087,Solar,0.0
296_Solar,296,25.6191621951,Solar,0.0
297_Solar,297,0.986841253211,Solar,0.0
298_Solar,298,3.77532544167,Solar,0.0
299_Solar,299,31.2155911865,Solar,0.0
300_Solar,300,172.123236393,Solar,0.0
301_Solar,301,25.9637060018,Solar,0.0
302_Solar,302,67.2193133171,Solar,0.0
304_Solar,304,218.703564343,Solar,0.0
305_Solar,305,22.1918482816,Solar,0.0
306_Solar,306,18.4162831018,Solar,0.0
309_Solar,309,136.190504425,Solar,0.0
310_Solar,310,79.2700055257,Solar,0.0
311_Solar,311,408.37422005,Solar,0.0
313_Solar,313,46.2770010595,Solar,0.0
314_Solar,314,93.8077865618,Solar,0.0
316_Solar,316,197.087429677,Solar,0.0
318_Solar,318,311.473266956,Solar,0.0
319_Solar,319,156.546089273,Solar,0.0
320_Solar,320,114.687410687,Solar,0.0
321_Solar,321,48.4439464501,Solar,0.0
323_Solar,323,107.077621671,Solar,0.0
324_Solar,324,90.1366736759,Solar,0.0
325_Solar,325,21.9947694651,Solar,0.0
326_Solar,326,112.249862957,Solar,0.0
327_Solar,327,99.8112078997,Solar,0.0
328_Solar,328,95.5908999584,Solar,0.0
329_Solar,329,159.818571632,Solar,0.0
330_Solar,330,235.581664439,Solar,0.0
331_Solar,331,479.248155829,Solar,0.0
333_Solar,333,276.640075051,Solar,0.0
335_Solar,335,272.215344887,Solar,0.0
337_Solar,337,533.823158688,Solar,0.0
339_Solar,339,88.5771395366,Solar,0.0
340_Solar,340,197.787397172,Solar,0.0
341_Solar,341,111.203655583,Solar,0.0
342_Solar,342,199.45798322,Solar,0.0
343_Solar,343,80.0706265568,Solar,0.0
344_Solar,344,78.4850441808,Solar,0.0
345_Solar,345,97.8729744075,Solar,0.0
346_Solar,346,7.06706321303,Solar,0.0
347_Solar,347,9.94901011501,Solar,0.0
348_Solar,348,10.7390924222,Solar,0.0
349_Solar,349,240.920274276,Solar,0.0
350_Solar,350,275.412619907,Solar,0.0
352_Solar,352,195.868212622,Solar,0.0
354_Solar,354,123.060645601,Solar,0.0
355_Solar,355,9.48628233579,Solar,0.0
356_Solar,356,24.0580395312,Solar,0.0
357_Solar,357,1.41216689344,Solar,0.0
358_Solar,358,1.17103382504,Solar,0.0
359_Solar,359,8.91430562005,Solar,0.0
361_Solar,361,41.7228166946,Solar,0.0
363_Solar,363,6.61764092982,Solar,0.0
364_Solar,364,3.33585971783,Solar,0.0
365_Solar,365,10.4345225167,Solar,0.0
366_Solar,366,63.4117651656,Solar,0.0
367_Solar,367,14.8357577621,Solar,0.0
368_Solar,368,51.1022503929,Solar,0.0
369_Solar,369,79.2867662718,Solar,0.0
370_Solar,370,21.0067488094,Solar,0.0
371_Solar,371,11.3051921841,Solar,0.0
372_Solar,372,15.1825713303,Solar,0.0
373_Solar,373,399.133201245,Solar,0.0
374_Solar,374,23.2049103442,Solar,0.0
375_Solar,375,21.4693567656,Solar,0.0
376_Solar,376,28.1564825237,Solar,0.0
377_Solar,377,118.262711802,Solar,0.0
378_Solar,378,33.0312281458,Solar,0.0
379_Solar,379,74.1394082622,Solar,0.0
380_Solar,380,53.4082985092,Solar,0.0
381_Solar,381,47.3452596402,Solar,0.0
383_Solar,383,180.894957129,Solar,0.0
386_Solar,386,62.5726417247,Solar,0.0
387_Solar,387,61.9531425507,Solar,0.0
388_Solar,388,30.4451691568,Solar,0.0
389_Solar,389,280.614896696,Solar,0.0
390_Solar,390,173.515675268,Solar,0.0
392_Solar,392,1.5383477261,Solar,0.0
393_Solar,393,79.7135796057,Solar,0.0
394_Solar,394,196.679379837,Solar,0.0
395_Solar,395,170.831583767,Solar,0.0
396_Solar,396,131.456153348,Solar,0.0
397_Solar,397,56.5650540612,Solar,0.0
398_Solar,398,81.5919504805,Solar,0.0
399_Solar,399,74.1012522785,Solar,0.0
400_Solar,400,30.3035516899,Solar,0.0
401_Solar,401,43.2989213414,Solar,0.0
402_Solar,402,69.2632549986,Solar,0.0
405_Solar,405,27.7247677283,Solar,0.0
406_Solar,406,69.8900097171,Solar,0.0
409_Solar,409,26.5606245666,Solar,0.0
410_Solar,410,81.3619621142,Solar,0.0
411_Solar,411,102.529569026,Solar,0.0
412_Solar,412,109.809789706,Solar,0.0
414_Solar,414,6.41796892856,Solar,0.0
415_Solar,415,12.6293305345,Solar,0.0
416_Solar,416,25.5809127568,Solar,0.0
417_Solar,417,183.749132895,Solar,0.0
418_Solar,418,132.975197331,Solar,0.0
422_Solar,422,22.9826318392,Solar,0.0
423_Solar,423,7.46863292826,Solar,0.0
424_Solar,424,19.2646857571,Solar,0.0
425_Solar,425,32.3842943932,Solar,0.0
426_Solar,426,31.4360021066,Solar,0.0
427_Solar,427,3.74984023399,Solar,0.0
428_Solar,428,120.215573965,Solar,0.0
429_Solar,429,9.51469636955,Solar,0.0
430_Solar,430,37.6190969078,Solar,0.0
431_Solar,431,48.5405800132,Solar,0.0
432_Solar,432,7.95644447902,Solar,0.0
433_Solar,433,37.6069157472,Solar,0.0
434_Solar,434,30.1167105203,Solar,0.0
435_Solar,435,2.24116723731,Solar,0.0
436_Solar,436,121.687485113,Solar,0.0
437_Solar,437,63.6543584058,Solar,0.0
438_Solar,438,41.2295969441,Solar,0.0
439_Solar,439,27.3744152868,Solar,0.0
440_Solar,440,25.3943741814,Solar,0.0
441_Solar,441,84.1636035878,Solar,0.0
442_Solar,442,26.86114381,Solar,0.0
443_Solar,443,32.5128258133,Solar,0.0
444_Solar,444,30.0637291945,Solar,0.0
445_Solar,445,138.236316083,Solar,0.0
446_Solar,446,68.0977716531,Solar,0.0
447_Solar,447,98.2891409367,Solar,0.0
448_Solar,448,2.04128815414,Solar,0.0
449_Solar,449,6.45337371893,Solar,0.0
451_Solar,451,2.75944832878,Solar,0.0
452_Solar,452,54.5646653518,Solar,0.0
453_Solar,453,52.6484439662,Solar,0.0
454_Solar,454,1.68385355098,Solar,0.0
455_Solar,455,9.02528346733,Solar,0.0
456_Solar,456,3.55441515269,Solar,0.0
457_Solar,457,7.83757575517,Solar,0.0
459_Solar,459,4.93667191188,Solar,0.0
460_Solar,460,1.13571664617,Solar,0.0
461_Solar,461,8.37432949145,Solar,0.0
462_Solar,462,1.75288097417,Solar,0.0
463_Solar,463,38.4674700625,Solar,0.0
464_Solar,464,4.53579937256,Solar,0.0
465_Solar,465,5.12064063763,Solar,0.0
466_Solar,466,6.94095668978,Solar,0.0
467_Solar,467,5.86546800139,Solar,0.0
468_Solar,468,47.5101752353,Solar,0.0
469_Solar,469,5.25539819324,Solar,0.0
470_Solar,470,16.9376711255,Solar,0.0
471_Solar,471,4.14121117669,Solar,0.0
472_Solar,472,91.3351836439,Solar,0.0
473_Solar,473,24.8426974,Solar,0.0
474_Solar,474,30.8363184682,Solar,0.0
475_Solar,475,38.1469896962,Solar,0.0
476_Solar,476,46.5682001194,Solar,0.0
477_Solar,477,31.3475721608,Solar,0.0
478_Solar,478,0.14062786392,Solar,0.0
479_Solar,479,45.2572344968,Solar,0.0
480_Solar,480,14.824594689,Solar,0.0
481_Solar,481,18.2704986262,Solar,0.0
482_Solar,482,12.0004959782,Solar,0.0
483_Solar,483,78.1145093775,Solar,0.0
484_Solar,484,133.539659181,Solar,0.0
485_Solar,485,281.819662447,Solar,0.0
486_Solar,486,135.492385271,Solar,0.0
487_Solar,487,79.1844275783,Solar,0.0
488_Solar,488,9.16060720929,Solar,0.0
489_Solar,489,72.3565226403,Solar,0.0
490_Solar,490,28.8936368193,Solar,0.0
491_Solar,491,50.4778661943,Solar,0.0
492_Solar,492,32.8746763897,Solar,0.0
493_Solar,493,20.2594855058,Solar,0.0
494_Solar,494,8.18979902657,Solar,0.0
495_Solar,495,101.236915064,Solar,0.0
2_220kV_Solar,2_220kV,6.78252247482,Solar,0.0
5_220kV_Solar,5_220kV,15.9445613219,Solar,0.0
10_220kV_Solar,10_220kV,159.570248092,Solar,0.0
12_220kV_Solar,12_220kV,277.793547711,Solar,0.0
13_220kV_Solar,13_220kV,186.387377279,Solar,0.0
15_220kV_Solar,15_220kV,120.486097306,Solar,0.0
18_220kV_Solar,18_220kV,61.1612999846,Solar,0.0
20_220kV_Solar,20_220kV,9.95471989703,Solar,0.0
22_220kV_Solar,22_220kV,230.400934825,Solar,0.0
24_220kV_Solar,24_220kV,66.1161367928,Solar,0.0
26_220kV_Solar,26_220kV,21.8361627105,Solar,0.0
30_220kV_Solar,30_220kV,36.5183261461,Solar,0.0
32_220kV_Solar,32_220kV,135.324360757,Solar,0.0
37_220kV_Solar,37_220kV,96.6101777695,Solar,0.0
42_220kV_Solar,42_220kV,65.6688094022,Solar,0.0
46_220kV_Solar,46_220kV,1.50988418606,Solar,0.0
52_220kV_Solar,52_220kV,4.80483205253,Solar,0.0
56_220kV_Solar,56_220kV,11.0049726358,Solar,0.0
61_220kV_Solar,61_220kV,38.0755601028,Solar,0.0
68_220kV_Solar,68_220kV,46.7223785366,Solar,0.0
69_220kV_Solar,69_220kV,44.2391882093,Solar,0.0
74_220kV_Solar,74_220kV,383.418198179,Solar,0.0
78_220kV_Solar,78_220kV,62.3356431164,Solar,0.0
86_220kV_Solar,86_220kV,6.00797041814,Solar,0.0
87_220kV_Solar,87_220kV,134.60573289,Solar,0.0
94_220kV_Solar,94_220kV,89.4256193232,Solar,0.0
95_220kV_Solar,95_220kV,103.003683059,Solar,0.0
96_220kV_Solar,96_220kV,18.9808285849,Solar,0.0
99_220kV_Solar,99_220kV,104.495096936,Solar,0.0
100_220kV_Solar,100_220kV,70.7548700462,Solar,0.0
104_220kV_Solar,104_220kV,3.65255829765,Solar,0.0
105_220kV_Solar,105_220kV,93.133764568,Solar,0.0
106_220kV_Solar,106_220kV,10.6514426275,Solar,0.0
107_220kV_Solar,107_220kV,1.30943921024,Solar,0.0
117_220kV_Solar,117_220kV,17.9962458899,Solar,0.0
120_220kV_Solar,120_220kV,83.0754127741,Solar,0.0
123_220kV_Solar,123_220kV,10.1932288932,Solar,0.0
124_220kV_Solar,124_220kV,0.866492729284,Solar,0.0
125_220kV_Solar,125_220kV,7.9175966632,Solar,0.0
128_220kV_Solar,128_220kV,67.7239512483,Solar,0.0
129_220kV_Solar,129_220kV,8.92855603065,Solar,0.0
138_220kV_Solar,138_220kV,12.7268921642,Solar,0.0
143_220kV_Solar,143_220kV,6.62525480382,Solar,0.0
156_220kV_Solar,156_220kV,38.7248883709,Solar,0.0
157_220kV_Solar,157_220kV,131.682322011,Solar,0.0
159_220kV_Solar,159_220kV,59.7917587743,Solar,0.0
160_220kV_Solar,160_220kV,35.9869279893,Solar,0.0
165_220kV_Solar,165_220kV,13.5798950324,Solar,0.0
184_220kV_Solar,184_220kV,17.8414810649,Solar,0.0
191_220kV_Solar,191_220kV,3.15017898174,Solar,0.0
195_220kV_Solar,195_220kV,0.731379679998,Solar,0.0
201_220kV_Solar,201_220kV,66.5941206082,Solar,0.0
220_220kV_Solar,220_220kV,18.7854907646,Solar,0.0
231_220kV_Solar,231_220kV,2.67419933099,Solar,0.0
232_220kV_Solar,232_220kV,99.0742349063,Solar,0.0
233_220kV_Solar,233_220kV,201.733891319,Solar,0.0
236_220kV_Solar,236_220kV,15.0481177122,Solar,0.0
247_220kV_Solar,247_220kV,236.871780957,Solar,0.0
248_220kV_Solar,248_220kV,14.4044085501,Solar,0.0
250_220kV_Solar,250_220kV,0.0283784055798,Solar,0.0
251_220kV_Solar,251_220kV,0.534696196047,Solar,0.0
252_220kV_Solar,252_220kV,2.75090688335,Solar,0.0
261_220kV_Solar,261_220kV,81.9291796662,Solar,0.0
263_220kV_Solar,263_220kV,2.17499037282,Solar,0.0
264_220kV_Solar,264_220kV,226.383636562,Solar,0.0
267_220kV_Solar,267_220kV,1.33159165748,Solar,0.0
272_220kV_Solar,272_220kV,189.722791697,Solar,0.0
279_220kV_Solar,279_220kV,100.619409992,Solar,0.0
281_220kV_Solar,281_220kV,144.682716774,Solar,0.0
282_220kV_Solar,282_220kV,134.937779598,Solar,0.0
292_220kV_Solar,292_220kV,155.990147453,Solar,0.0
303_220kV_Solar,303_220kV,94.4706110276,Solar,0.0
307_220kV_Solar,307_220kV,41.9758348816,Solar,0.0
308_220kV_Solar,308_220kV,298.346979291,Solar,0.0
312_220kV_Solar,312_220kV,393.914066526,Solar,0.0
315_220kV_Solar,315_220kV,251.944938615,Solar,0.0
317_220kV_Solar,317_220kV,10.3782881081,Solar,0.0
322_220kV_Solar,322_220kV,50.3514256534,Solar,0.0
332_220kV_Solar,332_220kV,849.576943945,Solar,0.0
334_220kV_Solar,334_220kV,233.477991242,Solar,0.0
336_220kV_Solar,336_220kV,242.698642978,Solar,0.0
338_220kV_Solar,338_220kV,255.834575646,Solar,0.0
351_220kV_Solar,351_220kV,262.446697862,Solar,0.0
353_220kV_Solar,353_220kV,91.306831625,Solar,0.0
360_220kV_Solar,360_220kV,26.5925612809,Solar,0.0
362_220kV_Solar,362_220kV,12.1265109683,Solar,0.0
382_220kV_Solar,382_220kV,199.184531465,Solar,0.0
384_220kV_Solar,384_220kV,579.835050797,Solar,0.0
385_220kV_Solar,385_220kV,122.315702959,Solar,0.0
391_220kV_Solar,391_220kV,30.6064358953,Solar,0.0
403_220kV_Solar,403_220kV,23.6450711466,Solar,0.0
404_220kV_Solar,404_220kV,17.7333803642,Solar,0.0
413_220kV_Solar,413_220kV,72.0714562574,Solar,0.0
421_220kV_Solar,421_220kV,59.6608875033,Solar,0.0
450_220kV_Solar,450_220kV,1.68150652412,Solar,0.0
458_220kV_Solar,458_220kV,0.116706305643,Solar,0.0
